year,state,crop,mean_yield_per_acre
2015,ALABAMA,Corn,118.66666666666667
2015,ARIZONA,Corn,120.5
2015,ARKANSAS,Corn,158.16666666666666
2015,CALIFORNIA,Corn,153.75
2015,COLORADO,Corn,129.55
2015,CONNECTICUT,Corn,18.5
2015,DELAWARE,Corn,168.45
2015,FLORIDA,Corn,79.0
2015,GEORGIA,Corn,153.66666666666666
2015,IDAHO,Corn,118.0
2015,ILLINOIS,Corn,146.33333333333334
2015,INDIANA,Corn,132.16666666666666
2015,IOWA,Corn,158.66666666666666
2015,KANSAS,Corn,135.425
2015,KENTUCKY,Corn,147.33333333333334
2015,LOUISIANA,Corn,144.16666666666666
2015,MAINE,Corn,18.5
2015,MARYLAND,Corn,147.0
2015,MASSACHUSETTS,Corn,19.0
2015,MICHIGAN,Corn,140.66666666666666
2015,MINNESOTA,Corn,157.91666666666666
2015,MISSISSIPPI,Corn,154.83333333333334
2015,MISSOURI,Corn,125.0
2015,MONTANA,Corn,66.5
2015,NEBRASKA,Corn,163.475
2015,NEVADA,Corn,24.0
2015,NEW HAMPSHIRE,Corn,20.0
2015,NEW JERSEY,Corn,127.33333333333333
2015,NEW MEXICO,Corn,102.5
2015,NEW YORK,Corn,125.0
2015,NORTH CAROLINA,Corn,98.66666666666667
2015,NORTH DAKOTA,Corn,108.5
2015,OHIO,Corn,138.66666666666666
2015,OKLAHOMA,Corn,116.66666666666667
2015,OREGON,Corn,106.0
2015,OTHER STATES,Corn,107.5
2015,PENNSYLVANIA,Corn,128.83333333333334
2015,RHODE ISLAND,Corn,17.0
2015,SOUTH CAROLINA,Corn,90.0
2015,SOUTH DAKOTA,Corn,136.16666666666666
2015,TENNESSEE,Corn,138.83333333333334
2015,TEXAS,Corn,123.3625
2015,UTAH,Corn,98.0
2015,VERMONT,Corn,17.0
2015,VIRGINIA,Corn,136.33333333333334
2015,WASHINGTON,Corn,186.83333333333334
2015,WEST VIRGINIA,Corn,83.0
2015,WISCONSIN,Corn,139.58333333333334
2015,WYOMING,Corn,91.0
2016,ALABAMA,Corn,106.0
2016,ARIZONA,Corn,122.5
2016,ARKANSAS,Corn,152.5
2016,CALIFORNIA,Corn,156.91666666666666
2016,COLORADO,Corn,122.1375
2016,CONNECTICUT,Corn,18.5
2016,DELAWARE,Corn,156.825
2016,FLORIDA,Corn,82.0
2016,GEORGIA,Corn,148.33333333333334
2016,IDAHO,Corn,178.83333333333334
2016,ILLINOIS,Corn,170.33333333333334
2016,INDIANA,Corn,153.5
2016,IOWA,Corn,169.5
2016,KANSAS,Corn,132.6375
2016,KENTUCKY,Corn,141.08333333333334
2016,LOUISIANA,Corn,145.0
2016,MAINE,Corn,19.0
2016,MARYLAND,Corn,139.66666666666666
2016,MASSACHUSETTS,Corn,16.0
2016,MICHIGAN,Corn,132.58333333333334
2016,MINNESOTA,Corn,159.75
2016,MISSISSIPPI,Corn,142.33333333333334
2016,MISSOURI,Corn,139.83333333333334
2016,MONTANA,Corn,61.0
2016,NEBRASKA,Corn,160.075
2016,NEVADA,Corn,24.0
2016,NEW HAMPSHIRE,Corn,20.0
2016,NEW JERSEY,Corn,80.5
2016,NEW MEXICO,Corn,86.5
2016,NEW YORK,Corn,114.33333333333333
2016,NORTH CAROLINA,Corn,116.25
2016,NORTH DAKOTA,Corn,122.75
2016,OHIO,Corn,137.25
2016,OKLAHOMA,Corn,104.66666666666667
2016,OREGON,Corn,128.5
2016,OTHER STATES,Corn,130.35999999999999
2016,PENNSYLVANIA,Corn,115.41666666666667
2016,RHODE ISLAND,Corn,18.5
2016,SOUTH CAROLINA,Corn,111.33333333333333
2016,SOUTH DAKOTA,Corn,126.75
2016,TENNESSEE,Corn,128.5
2016,TEXAS,Corn,113.9625
2016,UTAH,Corn,99.5
2016,VERMONT,Corn,20.0
2016,VIRGINIA,Corn,131.16666666666666
2016,WASHINGTON,Corn,196.0
2016,WEST VIRGINIA,Corn,82.0
2016,WISCONSIN,Corn,150.66666666666666
2016,WYOMING,Corn,85.0
2017,ALABAMA,Corn,141.83333333333334
2017,ARIZONA,Corn,113.0
2017,ARKANSAS,Corn,154.0
2017,CALIFORNIA,Corn,150.25
2017,COLORADO,Corn,129.325
2017,CONNECTICUT,Corn,19.5
2017,DELAWARE,Corn,169.4875
2017,FLORIDA,Corn,90.0
2017,GEORGIA,Corn,152.5
2017,IDAHO,Corn,176.33333333333334
2017,ILLINOIS,Corn,164.16666666666666
2017,INDIANA,Corn,149.83333333333334
2017,IOWA,Corn,164.33333333333334
2017,KANSAS,Corn,124.2875
2017,KENTUCKY,Corn,148.5
2017,LOUISIANA,Corn,157.83333333333334
2017,MAINE,Corn,18.0
2017,MARYLAND,Corn,142.75
2017,MASSACHUSETTS,Corn,19.0
2017,MICHIGAN,Corn,141.91666666666666
2017,MINNESOTA,Corn,159.08333333333334
2017,MISSISSIPPI,Corn,158.83333333333334
2017,MISSOURI,Corn,143.0
2017,MONTANA,Corn,45.0
2017,NEBRASKA,Corn,159.725
2017,NEVADA,Corn,24.0
2017,NEW HAMPSHIRE,Corn,20.0
2017,NEW JERSEY,Corn,93.25
2017,NEW MEXICO,Corn,79.5
2017,NEW YORK,Corn,128.83333333333334
2017,NORTH CAROLINA,Corn,120.0
2017,NORTH DAKOTA,Corn,109.0
2017,OHIO,Corn,147.83333333333334
2017,OKLAHOMA,Corn,105.66666666666667
2017,OREGON,Corn,118.0
2017,OTHER STATES,Corn,105.8
2017,PENNSYLVANIA,Corn,138.08333333333334
2017,RHODE ISLAND,Corn,18.0
2017,SOUTH CAROLINA,Corn,116.33333333333333
2017,SOUTH DAKOTA,Corn,123.25
2017,TENNESSEE,Corn,144.66666666666666
2017,TEXAS,Corn,126.4375
2017,UTAH,Corn,100.5
2017,VERMONT,Corn,16.5
2017,VIRGINIA,Corn,124.0
2017,WASHINGTON,Corn,192.83333333333334
2017,WEST VIRGINIA,Corn,86.0
2017,WISCONSIN,Corn,141.5
2017,WYOMING,Corn,89.5
2018,ALABAMA,Corn,144.5
2018,ARIZONA,Corn,124.5
2018,ARKANSAS,Corn,154.33333333333334
2018,CALIFORNIA,Corn,153.08333333333334
2018,COLORADO,Corn,116.15
2018,CONNECTICUT,Corn,19.0
2018,DELAWARE,Corn,142.875
2018,FLORIDA,Corn,89.0
2018,GEORGIA,Corn,146.5
2018,IDAHO,Corn,172.5
2018,ILLINOIS,Corn,178.83333333333334
2018,INDIANA,Corn,162.66666666666666
2018,IOWA,Corn,171.08333333333334
2018,KANSAS,Corn,120.05
2018,KENTUCKY,Corn,151.16666666666666
2018,LOUISIANA,Corn,146.16666666666666
2018,MAINE,Corn,20.0
2018,MARYLAND,Corn,137.0
2018,MASSACHUSETTS,Corn,20.0
2018,MICHIGAN,Corn,136.91666666666666
2018,MINNESOTA,Corn,160.16666666666666
2018,MISSISSIPPI,Corn,157.66666666666666
2018,MISSOURI,Corn,118.16666666666667
2018,MONTANA,Corn,52.5
2018,NEBRASKA,Corn,171.6375
2018,NEVADA,Corn,26.0
2018,NEW HAMPSHIRE,Corn,21.0
2018,NEW JERSEY,Corn,80.0
2018,NEW MEXICO,Corn,104.5
2018,NEW YORK,Corn,138.0
2018,NORTH CAROLINA,Corn,100.83333333333333
2018,NORTH DAKOTA,Corn,125.0
2018,OHIO,Corn,159.66666666666666
2018,OKLAHOMA,Corn,110.0
2018,OREGON,Corn,109.0
2018,OTHER STATES,Corn,76.91666666666667
2018,PENNSYLVANIA,Corn,130.83333333333334
2018,RHODE ISLAND,Corn,21.0
2018,SOUTH CAROLINA,Corn,105.66666666666667
2018,SOUTH DAKOTA,Corn,142.91666666666666
2018,TENNESSEE,Corn,147.0
2018,TEXAS,Corn,99.125
2018,UTAH,Corn,102.5
2018,VERMONT,Corn,19.0
2018,VIRGINIA,Corn,126.16666666666667
2018,WASHINGTON,Corn,189.33333333333334
2018,WEST VIRGINIA,Corn,85.5
2018,WISCONSIN,Corn,150.66666666666666
2018,WYOMING,Corn,94.0
2019,ALABAMA,Corn,131.5
2019,ARIZONA,Corn,130.0
2019,ARKANSAS,Corn,149.66666666666666
2019,CALIFORNIA,Corn,141.16666666666666
2019,COLORADO,Corn,121.5
2019,CONNECTICUT,Corn,21.0
2019,DELAWARE,Corn,141.2
2019,FLORIDA,Corn,90.5
2019,GEORGIA,Corn,142.33333333333334
2019,IDAHO,Corn,177.16666666666666
2019,ILLINOIS,Corn,153.33333333333334
2019,INDIANA,Corn,140.5
2019,IOWA,Corn,164.33333333333334
2019,KANSAS,Corn,115.08333333333333
2019,KENTUCKY,Corn,150.5
2019,LOUISIANA,Corn,143.5
2019,MAINE,Corn,19.0
2019,MARYLAND,Corn,141.33333333333334
2019,MASSACHUSETTS,Corn,20.0
2019,MICHIGAN,Corn,129.08333333333334
2019,MINNESOTA,Corn,146.66666666666666
2019,MISSISSIPPI,Corn,148.16666666666666
2019,MISSOURI,Corn,133.5
2019,MONTANA,Corn,59.0
2019,NEBRASKA,Corn,157.5
2019,NEVADA,Corn,25.0
2019,NEW HAMPSHIRE,Corn,20.0
2019,NEW JERSEY,Corn,88.5
2019,NEW MEXICO,Corn,77.5
2019,NEW YORK,Corn,130.83333333333334
2019,NORTH CAROLINA,Corn,94.33333333333333
2019,NORTH DAKOTA,Corn,121.58333333333333
2019,OHIO,Corn,137.33333333333334
2019,OKLAHOMA,Corn,119.83333333333333
2019,OREGON,Corn,130.5
2019,OTHER STATES,Corn,112.35000000000001
2019,PENNSYLVANIA,Corn,132.83333333333334
2019,RHODE ISLAND,Corn,20.0
2019,SOUTH CAROLINA,Corn,93.5
2019,SOUTH DAKOTA,Corn,129.91666666666666
2019,TENNESSEE,Corn,149.16666666666666
2019,TEXAS,Corn,119.5
2019,UTAH,Corn,83.5
2019,VERMONT,Corn,18.0
2019,VIRGINIA,Corn,124.5
2019,WASHINGTON,Corn,181.66666666666666
2019,WEST VIRGINIA,Corn,92.5
2019,WISCONSIN,Corn,139.58333333333334
2019,WYOMING,Corn,73.5
2020,ALABAMA,Corn,139.0
2020,ARIZONA,Corn,115.5
2020,ARKANSAS,Corn,154.16666666666666
2020,CALIFORNIA,Corn,141.33333333333334
2020,COLORADO,Corn,103.16666666666667
2020,CONNECTICUT,Corn,16.0
2020,DELAWARE,Corn,150.2125
2020,FLORIDA,Corn,78.5
2020,GEORGIA,Corn,154.0
2020,IDAHO,Corn,174.33333333333334
2020,ILLINOIS,Corn,169.33333333333334
2020,INDIANA,Corn,160.0
2020,IOWA,Corn,160.08333333333334
2020,KANSAS,Corn,116.91666666666667
2020,KENTUCKY,Corn,154.66666666666666
2020,LOUISIANA,Corn,154.33333333333334
2020,MAINE,Corn,19.0
2020,MARYLAND,Corn,133.83333333333334
2020,MASSACHUSETTS,Corn,16.0
2020,MICHIGAN,Corn,137.91666666666666
2020,MINNESOTA,Corn,169.16666666666666
2020,MISSISSIPPI,Corn,152.66666666666666
2020,MISSOURI,Corn,144.5
2020,MONTANA,Corn,65.0
2020,NEBRASKA,Corn,158.33333333333334
2020,NEVADA,Corn,26.0
2020,NEW HAMPSHIRE,Corn,20.0
2020,NEW JERSEY,Corn,88.0
2020,NEW MEXICO,Corn,108.0
2020,NEW YORK,Corn,140.33333333333334
2020,NORTH CAROLINA,Corn,103.16666666666667
2020,NORTH DAKOTA,Corn,128.58333333333334
2020,OHIO,Corn,146.66666666666666
2020,OKLAHOMA,Corn,114.5
2020,OREGON,Corn,132.0
2020,OTHER STATES,Corn,106.76666666666667
2020,PENNSYLVANIA,Corn,127.16666666666667
2020,RHODE ISLAND,Corn,13.0
2020,SOUTH CAROLINA,Corn,115.16666666666667
2020,SOUTH DAKOTA,Corn,140.83333333333334
2020,TENNESSEE,Corn,145.66666666666666
2020,TEXAS,Corn,116.66666666666667
2020,UTAH,Corn,86.0
2020,VERMONT,Corn,19.0
2020,VIRGINIA,Corn,111.66666666666667
2020,WASHINGTON,Corn,202.33333333333334
2020,WEST VIRGINIA,Corn,81.5
2020,WISCONSIN,Corn,154.5
2020,WYOMING,Corn,71.0
2021,ALABAMA,Corn,139.33333333333334
2021,ARIZONA,Corn,104.5
2021,ARKANSAS,Corn,155.16666666666666
2021,CALIFORNIA,Corn,166.83333333333334
2021,COLORADO,Corn,114.25
2021,CONNECTICUT,Corn,17.0
2021,DELAWARE,Corn,155.2375
2021,FLORIDA,Corn,100.0
2021,GEORGIA,Corn,150.33333333333334
2021,IDAHO,Corn,180.66666666666666
2021,ILLINOIS,Corn,177.83333333333334
2021,INDIANA,Corn,165.16666666666666
2021,IOWA,Corn,169.66666666666666
2021,KANSAS,Corn,118.66666666666667
2021,KENTUCKY,Corn,158.83333333333334
2021,LOUISIANA,Corn,152.16666666666666
2021,MAINE,Corn,21.0
2021,MARYLAND,Corn,143.16666666666666
2021,MASSACHUSETTS,Corn,17.0
2021,MICHIGAN,Corn,147.25
2021,MINNESOTA,Corn,150.0
2021,MISSISSIPPI,Corn,156.33333333333334
2021,MISSOURI,Corn,139.66666666666666
2021,MONTANA,Corn,59.0
2021,NEBRASKA,Corn,161.41666666666666
2021,NEVADA,Corn,26.0
2021,NEW HAMPSHIRE,Corn,21.0
2021,NEW JERSEY,Corn,91.5
2021,NEW MEXICO,Corn,105.0
2021,NEW YORK,Corn,142.66666666666666
2021,NORTH CAROLINA,Corn,123.66666666666667
2021,NORTH DAKOTA,Corn,90.25
2021,OHIO,Corn,162.0
2021,OKLAHOMA,Corn,127.83333333333333
2021,OREGON,Corn,131.5
2021,OTHER STATES,Corn,107.14999999999999
2021,PENNSYLVANIA,Corn,143.16666666666666
2021,RHODE ISLAND,Corn,21.0
2021,SOUTH CAROLINA,Corn,116.0
2021,SOUTH DAKOTA,Corn,113.66666666666667
2021,TENNESSEE,Corn,145.83333333333334
2021,TEXAS,Corn,119.0
2021,UTAH,Corn,101.5
2021,VERMONT,Corn,19.0
2021,VIRGINIA,Corn,131.0
2021,WASHINGTON,Corn,193.83333333333334
2021,WEST VIRGINIA,Corn,81.0
2021,WISCONSIN,Corn,147.41666666666666
2021,WYOMING,Corn,77.5
2022,ALABAMA,Corn,107.0
2022,ARIZONA,Corn,124.0
2022,ARKANSAS,Corn,149.16666666666666
2022,CALIFORNIA,Corn,170.5
2022,COLORADO,Corn,105.08333333333333
2022,CONNECTICUT,Corn,20.0
2022,DELAWARE,Corn,150.0375
2022,FLORIDA,Corn,90.5
2022,GEORGIA,Corn,145.5
2022,IDAHO,Corn,175.83333333333334
2022,ILLINOIS,Corn,178.16666666666666
2022,INDIANA,Corn,160.83333333333334
2022,IOWA,Corn,171.33333333333334
2022,KANSAS,Corn,100.16666666666667
2022,KENTUCKY,Corn,128.83333333333334
2022,LOUISIANA,Corn,142.5
2022,MAINE,Corn,17.0
2022,MARYLAND,Corn,145.33333333333334
2022,MASSACHUSETTS,Corn,15.0
2022,MICHIGAN,Corn,142.66666666666666
2022,MINNESOTA,Corn,163.41666666666666
2022,MISSISSIPPI,Corn,144.0
2022,MISSOURI,Corn,129.83333333333334
2022,MONTANA,Corn,66.5
2022,NEBRASKA,Corn,145.75
2022,NEVADA,Corn,22.0
2022,NEW HAMPSHIRE,Corn,19.0
2022,NEW JERSEY,Corn,65.0
2022,NEW MEXICO,Corn,86.5
2022,NEW YORK,Corn,128.5
2022,NORTH CAROLINA,Corn,98.33333333333333
2022,NORTH DAKOTA,Corn,119.16666666666667
2022,OHIO,Corn,159.66666666666666
2022,OKLAHOMA,Corn,105.0
2022,OREGON,Corn,132.5
2022,OTHER STATES,Corn,119.32000000000001
2022,PENNSYLVANIA,Corn,126.0
2022,RHODE ISLAND,Corn,16.0
2022,SOUTH CAROLINA,Corn,106.33333333333333
2022,SOUTH DAKOTA,Corn,114.0
2022,TENNESSEE,Corn,109.83333333333333
2022,TEXAS,Corn,88.0
2022,UTAH,Corn,94.5
2022,VERMONT,Corn,19.0
2022,VIRGINIA,Corn,139.33333333333334
2022,WASHINGTON,Corn,202.5
2022,WEST VIRGINIA,Corn,94.5
2022,WISCONSIN,Corn,155.75
2022,WYOMING,Corn,88.5
2023,ALABAMA,Corn,140.0
2023,ARIZONA,Corn,116.5
2023,ARKANSAS,Corn,153.16666666666666
2023,CALIFORNIA,Corn,150.33333333333334
2023,COLORADO,Corn,109.75
2023,CONNECTICUT,Corn,17.0
2023,DELAWARE,Corn,167.7625
2023,FLORIDA,Corn,88.5
2023,GEORGIA,Corn,151.33333333333334
2023,IDAHO,Corn,178.33333333333334
2023,ILLINOIS,Corn,171.33333333333334
2023,INDIANA,Corn,168.5
2023,IOWA,Corn,170.5
2023,KANSAS,Corn,104.66666666666667
2023,KENTUCKY,Corn,157.83333333333334
2023,LOUISIANA,Corn,147.33333333333334
2023,MAINE,Corn,15.0
2023,MARYLAND,Corn,138.16666666666666
2023,MASSACHUSETTS,Corn,16.0
2023,MICHIGAN,Corn,145.33333333333334
2023,MINNESOTA,Corn,154.41666666666666
2023,MISSISSIPPI,Corn,153.5
2023,MISSOURI,Corn,123.83333333333333
2023,MONTANA,Corn,76.0
2023,NEBRASKA,Corn,151.16666666666666
2023,NEVADA,Corn,21.0
2023,NEW HAMPSHIRE,Corn,18.0
2023,NEW JERSEY,Corn,93.0
2023,NEW MEXICO,Corn,88.0
2023,NEW YORK,Corn,139.0
2023,NORTH CAROLINA,Corn,124.83333333333333
2023,NORTH DAKOTA,Corn,117.91666666666667
2023,OHIO,Corn,165.83333333333334
2023,OKLAHOMA,Corn,121.16666666666667
2023,OREGON,Corn,120.0
2023,OTHER STATES,Corn,129.8
2023,PENNSYLVANIA,Corn,132.33333333333334
2023,RHODE ISLAND,Corn,21.0
2023,SOUTH CAROLINA,Corn,124.33333333333333
2023,SOUTH DAKOTA,Corn,126.5
2023,TENNESSEE,Corn,148.0
2023,TEXAS,Corn,110.83333333333333
2023,UTAH,Corn,105.0
2023,VERMONT,Corn,17.0
2023,VIRGINIA,Corn,131.0
2023,WASHINGTON,Corn,193.16666666666666
2023,WEST VIRGINIA,Corn,81.0
2023,WISCONSIN,Corn,144.0
2023,WYOMING,Corn,88.0
2024,ALABAMA,Corn,92.16666666666667
2024,ARIZONA,Corn,126.0
2024,ARKANSAS,Corn,158.5
2024,CALIFORNIA,Corn,104.0
2024,COLORADO,Corn,105.58333333333333
2024,CONNECTICUT,Corn,20.0
2024,DELAWARE,Corn,146.1375
2024,FLORIDA,Corn,78.5
2024,GEORGIA,Corn,128.33333333333334
2024,IDAHO,Corn,182.16666666666666
2024,ILLINOIS,Corn,188.0
2024,INDIANA,Corn,174.83333333333334
2024,IOWA,Corn,180.5
2024,KANSAS,Corn,113.33333333333333
2024,KENTUCKY,Corn,156.16666666666666
2024,LOUISIANA,Corn,159.5
2024,MAINE,Corn,19.0
2024,MARYLAND,Corn,116.0
2024,MASSACHUSETTS,Corn,19.0
2024,MICHIGAN,Corn,153.08333333333334
2024,MINNESOTA,Corn,154.83333333333334
2024,MISSISSIPPI,Corn,158.66666666666666
2024,MISSOURI,Corn,155.0
2024,MONTANA,Corn,52.5
2024,NEBRASKA,Corn,164.66666666666666
2024,NEVADA,Corn,25.0
2024,NEW HAMPSHIRE,Corn,21.0
2024,NEW JERSEY,Corn,87.0
2024,NEW MEXICO,Corn,89.5
2024,NEW YORK,Corn,142.16666666666666
2024,NORTH CAROLINA,Corn,76.83333333333333
2024,NORTH DAKOTA,Corn,124.5
2024,OHIO,Corn,156.66666666666666
2024,OKLAHOMA,Corn,109.5
2024,OREGON,Corn,115.5
2024,OTHER STATES,Corn,128.45999999999998
2024,PENNSYLVANIA,Corn,117.66666666666667
2024,RHODE ISLAND,Corn,18.0
2024,SOUTH CAROLINA,Corn,81.5
2024,SOUTH DAKOTA,Corn,138.83333333333334
2024,TENNESSEE,Corn,131.33333333333334
2024,TEXAS,Corn,100.16666666666667
2024,UTAH,Corn,95.0
2024,VERMONT,Corn,19.0
2024,VIRGINIA,Corn,87.66666666666667
2024,WASHINGTON,Corn,203.5
2024,WEST VIRGINIA,Corn,61.0
2024,WISCONSIN,Corn,153.66666666666666
2024,WYOMING,Corn,89.0
2025,ALABAMA,Corn,163.0
2025,ARKANSAS,Corn,179.33333333333334
2025,COLORADO,Corn,123.33333333333333
2025,DELAWARE,Corn,180.0
2025,GEORGIA,Corn,181.0
2025,IDAHO,Corn,227.33333333333334
2025,ILLINOIS,Corn,219.66666666666666
2025,INDIANA,Corn,205.0
2025,IOWA,Corn,220.0
2025,KANSAS,Corn,137.0
2025,KENTUCKY,Corn,178.66666666666666
2025,LOUISIANA,Corn,181.33333333333334
2025,MARYLAND,Corn,171.0
2025,MICHIGAN,Corn,180.0
2025,MINNESOTA,Corn,200.0
2025,MISSISSIPPI,Corn,181.33333333333334
2025,MISSOURI,Corn,186.33333333333334
2025,NEBRASKA,Corn,191.33333333333334
2025,NEW YORK,Corn,154.0
2025,NORTH CAROLINA,Corn,146.33333333333334
2025,NORTH DAKOTA,Corn,146.0
2025,OHIO,Corn,194.66666666666666
2025,OKLAHOMA,Corn,130.0
2025,OTHER STATES,Corn,157.8
2025,PENNSYLVANIA,Corn,159.33333333333334
2025,SOUTH CAROLINA,Corn,150.0
2025,SOUTH DAKOTA,Corn,167.33333333333334
2025,TENNESSEE,Corn,177.33333333333334
2025,TEXAS,Corn,121.33333333333333
2025,VIRGINIA,Corn,173.0
2025,WASHINGTON,Corn,235.0
2025,WISCONSIN,Corn,184.33333333333334
2015,ALABAMA,Soybeans,41.2
2015,ARKANSAS,Soybeans,49.228571428571435
2015,DELAWARE,Soybeans,42.6
2015,FLORIDA,Soybeans,38.0
2015,GEORGIA,Soybeans,43.4
2015,ILLINOIS,Soybeans,54.6
2015,INDIANA,Soybeans,50.2
2015,IOWA,Soybeans,54.1
2015,KANSAS,Soybeans,40.357142857142854
2015,KENTUCKY,Soybeans,50.0
2015,LOUISIANA,Soybeans,43.0
2015,MARYLAND,Soybeans,44.0
2015,MICHIGAN,Soybeans,47.2
2015,MINNESOTA,Soybeans,48.6
2015,MISSISSIPPI,Soybeans,46.8
2015,MISSOURI,Soybeans,40.5
2015,NEBRASKA,Soybeans,56.91428571428571
2015,NEW JERSEY,Soybeans,37.4
2015,NEW YORK,Soybeans,45.4
2015,NORTH CAROLINA,Soybeans,33.6
2015,NORTH DAKOTA,Soybeans,33.1
2015,OHIO,Soybeans,49.2
2015,OKLAHOMA,Soybeans,27.8
2015,OTHER STATES,Soybeans,33.94
2015,PENNSYLVANIA,Soybeans,45.8
2015,SOUTH CAROLINA,Soybeans,27.9
2015,SOUTH DAKOTA,Soybeans,45.8
2015,TENNESSEE,Soybeans,45.4
2015,TEXAS,Soybeans,30.0
2015,VIRGINIA,Soybeans,38.3
2015,WEST VIRGINIA,Soybeans,48.0
2015,WISCONSIN,Soybeans,48.7
2016,ALABAMA,Soybeans,35.4
2016,ARKANSAS,Soybeans,46.042857142857144
2016,DELAWARE,Soybeans,43.34285714285714
2016,FLORIDA,Soybeans,36.0
2016,GEORGIA,Soybeans,36.8
2016,ILLINOIS,Soybeans,60.2
2016,INDIANA,Soybeans,57.7
2016,IOWA,Soybeans,58.4
2016,KANSAS,Soybeans,47.42857142857143
2016,KENTUCKY,Soybeans,49.8
2016,LOUISIANA,Soybeans,49.3
2016,MARYLAND,Soybeans,44.1
2016,MICHIGAN,Soybeans,48.3
2016,MINNESOTA,Soybeans,49.8
2016,MISSISSIPPI,Soybeans,48.0
2016,MISSOURI,Soybeans,49.2
2016,NEBRASKA,Soybeans,60.65714285714286
2016,NEW JERSEY,Soybeans,39.2
2016,NEW YORK,Soybeans,40.8
2016,NORTH CAROLINA,Soybeans,36.0
2016,NORTH DAKOTA,Soybeans,37.9
2016,OHIO,Soybeans,53.5
2016,OKLAHOMA,Soybeans,27.0
2016,OTHER STATES,Soybeans,35.279999999999994
2016,PENNSYLVANIA,Soybeans,45.2
2016,SOUTH CAROLINA,Soybeans,33.0
2016,SOUTH DAKOTA,Soybeans,45.7
2016,TENNESSEE,Soybeans,46.0
2016,TEXAS,Soybeans,28.4
2016,VIRGINIA,Soybeans,38.2
2016,WEST VIRGINIA,Soybeans,51.0
2016,WISCONSIN,Soybeans,53.2
2017,ALABAMA,Soybeans,44.6
2017,ARKANSAS,Soybeans,49.385714285714286
2017,DELAWARE,Soybeans,51.457142857142856
2017,FLORIDA,Soybeans,34.0
2017,GEORGIA,Soybeans,43.0
2017,ILLINOIS,Soybeans,57.8
2017,INDIANA,Soybeans,55.0
2017,IOWA,Soybeans,56.4
2017,KANSAS,Soybeans,40.5
2017,KENTUCKY,Soybeans,52.4
2017,LOUISIANA,Soybeans,53.4
2017,MARYLAND,Soybeans,49.0
2017,MICHIGAN,Soybeans,46.7
2017,MINNESOTA,Soybeans,47.1
2017,MISSISSIPPI,Soybeans,52.2
2017,MISSOURI,Soybeans,49.1
2017,NEBRASKA,Soybeans,57.24285714285714
2017,NEW JERSEY,Soybeans,42.0
2017,NEW YORK,Soybeans,47.0
2017,NORTH CAROLINA,Soybeans,39.2
2017,NORTH DAKOTA,Soybeans,34.7
2017,OHIO,Soybeans,51.9
2017,OKLAHOMA,Soybeans,27.8
2017,OTHER STATES,Soybeans,35.62
2017,PENNSYLVANIA,Soybeans,50.2
2017,SOUTH CAROLINA,Soybeans,36.6
2017,SOUTH DAKOTA,Soybeans,43.8
2017,TENNESSEE,Soybeans,48.8
2017,TEXAS,Soybeans,37.4
2017,VIRGINIA,Soybeans,41.4
2017,WEST VIRGINIA,Soybeans,54.0
2017,WISCONSIN,Soybeans,47.3
2018,ALABAMA,Soybeans,44.4
2018,ARKANSAS,Soybeans,48.228571428571435
2018,DELAWARE,Soybeans,44.15714285714286
2018,FLORIDA,Soybeans,37.0
2018,GEORGIA,Soybeans,37.3
2018,ILLINOIS,Soybeans,64.7
2018,INDIANA,Soybeans,59.1
2018,IOWA,Soybeans,58.8
2018,KANSAS,Soybeans,40.8
2018,KENTUCKY,Soybeans,54.4
2018,LOUISIANA,Soybeans,50.3
2018,MARYLAND,Soybeans,48.7
2018,MICHIGAN,Soybeans,47.9
2018,MINNESOTA,Soybeans,49.6
2018,MISSISSIPPI,Soybeans,53.2
2018,MISSOURI,Soybeans,46.1
2018,NEBRASKA,Soybeans,60.028571428571425
2018,NEW JERSEY,Soybeans,40.3
2018,NEW YORK,Soybeans,50.0
2018,NORTH CAROLINA,Soybeans,36.0
2018,NORTH DAKOTA,Soybeans,36.2
2018,OHIO,Soybeans,57.8
2018,OKLAHOMA,Soybeans,30.2
2018,OTHER STATES,Soybeans,39.0
2018,PENNSYLVANIA,Soybeans,48.7
2018,SOUTH CAROLINA,Soybeans,32.0
2018,SOUTH DAKOTA,Soybeans,48.4
2018,TENNESSEE,Soybeans,48.7
2018,TEXAS,Soybeans,32.1
2018,VIRGINIA,Soybeans,43.0
2018,WEST VIRGINIA,Soybeans,53.0
2018,WISCONSIN,Soybeans,49.4
2019,ALABAMA,Soybeans,40.2
2019,ARKANSAS,Soybeans,50.0
2019,DELAWARE,Soybeans,44.74285714285714
2019,GEORGIA,Soybeans,30.8
2019,ILLINOIS,Soybeans,52.8
2019,INDIANA,Soybeans,49.4
2019,IOWA,Soybeans,54.0
2019,KANSAS,Soybeans,42.9
2019,KENTUCKY,Soybeans,50.2
2019,LOUISIANA,Soybeans,48.8
2019,MARYLAND,Soybeans,45.2
2019,MICHIGAN,Soybeans,42.7
2019,MINNESOTA,Soybeans,44.8
2019,MISSISSIPPI,Soybeans,51.0
2019,MISSOURI,Soybeans,45.8
2019,NEBRASKA,Soybeans,57.5
2019,NEW JERSEY,Soybeans,40.6
2019,NEW YORK,Soybeans,46.4
2019,NORTH CAROLINA,Soybeans,36.8
2019,NORTH DAKOTA,Soybeans,33.9
2019,OHIO,Soybeans,48.2
2019,OKLAHOMA,Soybeans,27.0
2019,PENNSYLVANIA,Soybeans,48.6
2019,SOUTH CAROLINA,Soybeans,29.8
2019,SOUTH DAKOTA,Soybeans,43.5
2019,TENNESSEE,Soybeans,48.2
2019,TEXAS,Soybeans,31.0
2019,VIRGINIA,Soybeans,37.4
2019,WISCONSIN,Soybeans,46.6
2020,ALABAMA,Soybeans,39.8
2020,ARKANSAS,Soybeans,49.7
2020,DELAWARE,Soybeans,48.65714285714286
2020,GEORGIA,Soybeans,40.0
2020,ILLINOIS,Soybeans,60.8
2020,INDIANA,Soybeans,59.6
2020,IOWA,Soybeans,55.2
2020,KANSAS,Soybeans,43.4
2020,KENTUCKY,Soybeans,54.8
2020,LOUISIANA,Soybeans,55.0
2020,MARYLAND,Soybeans,47.6
2020,MICHIGAN,Soybeans,48.6
2020,MINNESOTA,Soybeans,51.2
2020,MISSISSIPPI,Soybeans,53.8
2020,MISSOURI,Soybeans,50.8
2020,NEBRASKA,Soybeans,59.6
2020,NEW JERSEY,Soybeans,41.2
2020,NEW YORK,Soybeans,50.0
2020,NORTH CAROLINA,Soybeans,38.0
2020,NORTH DAKOTA,Soybeans,34.6
2020,OHIO,Soybeans,55.8
2020,OKLAHOMA,Soybeans,29.8
2020,PENNSYLVANIA,Soybeans,48.0
2020,SOUTH CAROLINA,Soybeans,33.0
2020,SOUTH DAKOTA,Soybeans,47.8
2020,TENNESSEE,Soybeans,49.2
2020,TEXAS,Soybeans,36.8
2020,VIRGINIA,Soybeans,40.0
2020,WISCONSIN,Soybeans,53.6
2021,ALABAMA,Soybeans,44.4
2021,ARKANSAS,Soybeans,50.2
2021,DELAWARE,Soybeans,50.68571428571429
2021,GEORGIA,Soybeans,43.8
2021,ILLINOIS,Soybeans,64.2
2021,INDIANA,Soybeans,59.4
2021,IOWA,Soybeans,60.2
2021,KANSAS,Soybeans,40.8
2021,KENTUCKY,Soybeans,55.2
2021,LOUISIANA,Soybeans,53.2
2021,MARYLAND,Soybeans,51.8
2021,MICHIGAN,Soybeans,49.8
2021,MINNESOTA,Soybeans,47.0
2021,MISSISSIPPI,Soybeans,54.6
2021,MISSOURI,Soybeans,50.0
2021,NEBRASKA,Soybeans,61.0
2021,NEW JERSEY,Soybeans,42.6
2021,NEW YORK,Soybeans,53.2
2021,NORTH CAROLINA,Soybeans,39.4
2021,NORTH DAKOTA,Soybeans,25.3
2021,OHIO,Soybeans,57.4
2021,OKLAHOMA,Soybeans,26.8
2021,PENNSYLVANIA,Soybeans,52.4
2021,SOUTH CAROLINA,Soybeans,34.6
2021,SOUTH DAKOTA,Soybeans,39.6
2021,TENNESSEE,Soybeans,49.2
2021,TEXAS,Soybeans,36.4
2021,VIRGINIA,Soybeans,44.2
2021,WISCONSIN,Soybeans,52.2
2022,ALABAMA,Soybeans,42.4
2022,ARKANSAS,Soybeans,52.8
2022,DELAWARE,Soybeans,43.699999999999996
2022,GEORGIA,Soybeans,44.0
2022,ILLINOIS,Soybeans,64.2
2022,INDIANA,Soybeans,59.1
2022,IOWA,Soybeans,58.5
2022,KANSAS,Soybeans,31.1
2022,KENTUCKY,Soybeans,52.2
2022,LOUISIANA,Soybeans,48.0
2022,MARYLAND,Soybeans,45.8
2022,MICHIGAN,Soybeans,46.6
2022,MINNESOTA,Soybeans,50.0
2022,MISSISSIPPI,Soybeans,55.2
2022,MISSOURI,Soybeans,46.9
2022,NEBRASKA,Soybeans,51.0
2022,NEW JERSEY,Soybeans,30.8
2022,NEW YORK,Soybeans,49.4
2022,NORTH CAROLINA,Soybeans,37.7
2022,NORTH DAKOTA,Soybeans,35.0
2022,OHIO,Soybeans,55.7
2022,OKLAHOMA,Soybeans,17.0
2022,PENNSYLVANIA,Soybeans,45.2
2022,SOUTH CAROLINA,Soybeans,37.0
2022,SOUTH DAKOTA,Soybeans,40.2
2022,TENNESSEE,Soybeans,46.0
2022,TEXAS,Soybeans,28.4
2022,VIRGINIA,Soybeans,43.4
2022,WISCONSIN,Soybeans,53.4
2023,ALABAMA,Soybeans,42.6
2023,ARKANSAS,Soybeans,53.2
2023,DELAWARE,Soybeans,46.9
2023,GEORGIA,Soybeans,41.6
2023,ILLINOIS,Soybeans,61.6
2023,INDIANA,Soybeans,60.6
2023,IOWA,Soybeans,58.0
2023,KANSAS,Soybeans,28.4
2023,KENTUCKY,Soybeans,55.0
2023,LOUISIANA,Soybeans,42.8
2023,MARYLAND,Soybeans,47.4
2023,MICHIGAN,Soybeans,46.8
2023,MINNESOTA,Soybeans,48.2
2023,MISSISSIPPI,Soybeans,56.6
2023,MISSOURI,Soybeans,45.6
2023,NEBRASKA,Soybeans,53.9
2023,NEW JERSEY,Soybeans,43.4
2023,NEW YORK,Soybeans,52.0
2023,NORTH CAROLINA,Soybeans,39.1
2023,NORTH DAKOTA,Soybeans,33.7
2023,OHIO,Soybeans,57.6
2023,OKLAHOMA,Soybeans,24.4
2023,PENNSYLVANIA,Soybeans,47.4
2023,SOUTH CAROLINA,Soybeans,37.0
2023,SOUTH DAKOTA,Soybeans,43.2
2023,TENNESSEE,Soybeans,50.8
2023,TEXAS,Soybeans,32.0
2023,VIRGINIA,Soybeans,38.6
2023,WISCONSIN,Soybeans,48.0
2024,ALABAMA,Soybeans,32.0
2024,ARKANSAS,Soybeans,55.4
2024,DELAWARE,Soybeans,44.05714285714286
2024,GEORGIA,Soybeans,42.6
2024,ILLINOIS,Soybeans,65.4
2024,INDIANA,Soybeans,61.2
2024,IOWA,Soybeans,61.8
2024,KANSAS,Soybeans,37.8
2024,KENTUCKY,Soybeans,50.8
2024,LOUISIANA,Soybeans,51.4
2024,MARYLAND,Soybeans,45.2
2024,MICHIGAN,Soybeans,50.2
2024,MINNESOTA,Soybeans,47.4
2024,MISSISSIPPI,Soybeans,57.2
2024,MISSOURI,Soybeans,49.6
2024,NEBRASKA,Soybeans,58.7
2024,NEW JERSEY,Soybeans,38.8
2024,NEW YORK,Soybeans,53.0
2024,NORTH CAROLINA,Soybeans,37.2
2024,NORTH DAKOTA,Soybeans,37.5
2024,OHIO,Soybeans,53.6
2024,OKLAHOMA,Soybeans,24.2
2024,PENNSYLVANIA,Soybeans,44.0
2024,SOUTH CAROLINA,Soybeans,36.4
2024,SOUTH DAKOTA,Soybeans,45.8
2024,TENNESSEE,Soybeans,45.8
2024,TEXAS,Soybeans,37.8
2024,VIRGINIA,Soybeans,43.6
2024,WISCONSIN,Soybeans,51.4
2025,ALABAMA,Soybeans,38.333333333333336
2025,ARKANSAS,Soybeans,56.0
2025,DELAWARE,Soybeans,47.0
2025,GEORGIA,Soybeans,53.0
2025,ILLINOIS,Soybeans,65.0
2025,INDIANA,Soybeans,61.333333333333336
2025,IOWA,Soybeans,64.33333333333333
2025,KANSAS,Soybeans,38.0
2025,KENTUCKY,Soybeans,44.0
2025,LOUISIANA,Soybeans,53.666666666666664
2025,MARYLAND,Soybeans,46.333333333333336
2025,MICHIGAN,Soybeans,52.0
2025,MINNESOTA,Soybeans,53.0
2025,MISSISSIPPI,Soybeans,55.666666666666664
2025,MISSOURI,Soybeans,51.666666666666664
2025,NEBRASKA,Soybeans,59.666666666666664
2025,NEW JERSEY,Soybeans,42.666666666666664
2025,NEW YORK,Soybeans,48.0
2025,NORTH CAROLINA,Soybeans,39.333333333333336
2025,NORTH DAKOTA,Soybeans,36.666666666666664
2025,OHIO,Soybeans,56.333333333333336
2025,OKLAHOMA,Soybeans,27.666666666666668
2025,PENNSYLVANIA,Soybeans,45.666666666666664
2025,SOUTH CAROLINA,Soybeans,36.333333333333336
2025,SOUTH DAKOTA,Soybeans,47.0
2025,TENNESSEE,Soybeans,45.333333333333336
2025,TEXAS,Soybeans,25.0
2025,VIRGINIA,Soybeans,45.333333333333336
2025,WISCONSIN,Soybeans,54.333333333333336
